<keymap version="1" name="VSCode copy" parent="VSCode">
  <action id="Console.Jdbc.Execute">
    <keyboard-shortcut first-keystroke="ctrl enter" />
  </action>
  <action id="EditorStartNewLine" />
  <action id="Forward" />
  <action id="HideAllWindows">
    <keyboard-shortcut first-keystroke="shift ctrl f11" />
  </action>
  <action id="MoveTabRight">
    <keyboard-shortcut first-keystroke="alt right" />
  </action>
  <action id="NewElement">
    <keyboard-shortcut first-keystroke="alt insert" />
    <keyboard-shortcut first-keystroke="alt r" />
  </action>
  <action id="RecentLocations">
    <keyboard-shortcut first-keystroke="shift ctrl r" />
  </action>
  <action id="Refactorings.QuickListPopupAction" />
  <action id="SplitVertically" />
  <action id="ToggleZenMode">
    <keyboard-shortcut first-keystroke="shift ctrl f12" />
  </action>
</keymap>