<application>
  <component name="MaterialThemeConfig">
    <option name="compactMenus" value="true" />
    <option name="compactStatusBar" value="true" />
    <option name="compactTables" value="true" />
    <option name="contrastMode" value="true" />
    <option name="customTreeIndentEnabled" value="true" />
    <option name="highContrast" value="true" />
    <option name="compactDropdowns" value="true" />
    <option name="compactSidebar" value="true" />
    <option name="isCompactMenus" value="true" />
    <option name="isCompactStatusBar" value="true" />
    <option name="isCompactTables" value="true" />
    <option name="isContrastMode" value="true" />
    <option name="isCustomTreeIndentEnabled" value="true" />
    <option name="isHighContrast" value="true" />
    <option name="pristineConfig" value="false" />
    <option name="treeFontSizeEnabled" value="true" />
    <option name="tabFontSizeEnabled" value="true" />
    <option name="upperCaseButtons" value="false" />
    <option name="treeFontSize" value="13" />
    <option name="tabFontSize" value="15" />
    <option name="highlightThickness" value="5" />
    <option name="leftTreeIndent" value="2" />
    <option name="rightTreeIndent" value="0" />
    <option name="settingsSelectedTab" value="2" />
    <option name="tabsHeight" value="14" />
    <option name="accentColor" value="ff9800" />
    <option name="selectedTheme" value="CUSTOM" />
    <option name="userId" value="8feacba:174e43f5db6:-8000" />
    <option name="version" value="5.2.0" />
    <option name="tabHighlightPosition" value="Top" />
  </component>
</application>