<application>
  <component name="PostfixTemplates">
    <template id="log@userDefined" key=".log" provider="builtin.ts" topmost="false">
      <conditions />
      <template name="fakeKey" value="console.log($EXPR$)" description="" toReformat="true" toShortenFQNames="true" />
    </template>
    <template id="switch@userDefined" key=".switch" provider="builtin.java" language-level="1.3" topmost="false">
      <conditions />
      <template name="fakeKey" value="switch ($EXPR$) {&#10;    case :&#10;        &#10;        break;&#10;    case :&#10;        &#10;        break;&#10;&#10;    default:&#10;        &#10;        break;&#10;}" toReformat="true" toShortenFQNames="true" />
    </template>
    <template id="out@userDefined" key=".out" provider="builtin.java" language-level="1.3" topmost="true">
      <conditions />
      <template name="fakeKey" value="System.out.println(&quot;$EXPR$ : &quot; + $EXPR$);$END$" toReformat="true" toShortenFQNames="true" />
    </template>
  </component>
</application>