<keymap version="1" name="VSCode copy">
  <action id="CollapseRegionRecursively">
    <keyboard-shortcut first-keystroke="ctrl k" />
  </action>
  <action id="EditorToggleUseSoftWraps">
    <keyboard-shortcut first-keystroke="alt z" />
  </action>
  <action id="ExpandRegionRecursively">
    <keyboard-shortcut first-keystroke="shift ctrl k" />
  </action>
  <action id="PasteMultiple">
    <keyboard-shortcut first-keystroke="shift ctrl v" />
  </action>
  <action id="QuickJavaDoc">
    <keyboard-shortcut first-keystroke="ctrl q" />
  </action>
  <action id="ShowSettings">
    <keyboard-shortcut first-keystroke="ctrl comma" />
  </action>
  <action id="ToggleFullScreen">
    <keyboard-shortcut first-keystroke="alt f" />
  </action>
  <action id="org.intellij.plugins.markdown.ui.actions.editorLayout.PreviewOnlyLayoutChangeAction" />
</keymap>