<application>
  <component name="MaterialThemeConfig">
    <option name="compactStatusBar" value="true" />
    <option name="compactTables" value="true" />
    <option name="contrastMode" value="true" />
    <option name="customTreeIndentEnabled" value="true" />
    <option name="highContrast" value="true" />
    <option name="compactDropdowns" value="true" />
    <option name="compactSidebar" value="true" />
    <option name="darkTitleBar" value="true" />
    <option name="isCompactStatusBar" value="true" />
    <option name="isCompactTables" value="true" />
    <option name="isContrastMode" value="true" />
    <option name="isCustomTreeIndentEnabled" value="true" />
    <option name="isHighContrast" value="true" />
    <option name="isWizardShown" value="true" />
    <option name="pristineConfig" value="false" />
    <option name="tabFontSizeEnabled" value="true" />
    <option name="useMaterialFont2" value="true" />
    <option name="useProjectFrame" value="true" />
    <option name="indicatorStyle" value="Dot" />
    <option name="customSidebarHeight" value="20" />
    <option name="treeFontSize" value="16" />
    <option name="settingsSelectedTab" value="3" />
    <option name="tabsHeight" value="15" />
    <option name="accentColor" value="ff9800" />
    <option name="selectedTheme" value="DARKER" />
    <option name="userId" value="-1a2c9280:170f242010d:-8000" />
    <option name="version" value="5.2.0" />
  </component>
</application>