<application>
  <component name="PhpInterpreters">
    <interpreters>
      <interpreter id="7ca1dd71-4e26-4d85-a618-7bdd2b6642e1" name="PHP 7.4" home="C:\php\php.exe" debugger_id="php.debugger.XDebug" />
    </interpreters>
  </component>
  <component name="PhpInterpretersPhpInfoCache">
    <phpInfoCache>
      <interpreter name="PHP 7.4">
        <phpinfo binary_type="PHP" php_cgi="C:\php\php-cgi.exe" php_cli="C:\php\php.exe" path_separator=";" version="7.4.9">
          <additional_php_ini />
          <configuration_file>C:\php\php.ini</configuration_file>
          <configuration_options>
            <configuration_option name="include_path" value=".;C:\php\pear" />
          </configuration_options>
          <debuggers>
            <debugger_info debugger="xdebug" debugger_version="2.9.6">
              <debug_extensions />
            </debugger_info>
          </debuggers>
          <loaded_extensions>
            <extension name="Core" />
            <extension name="PDO" />
            <extension name="Phar" />
            <extension name="Reflection" />
            <extension name="SPL" />
            <extension name="SimpleXML" />
            <extension name="bcmath" />
            <extension name="calendar" />
            <extension name="ctype" />
            <extension name="date" />
            <extension name="dom" />
            <extension name="filter" />
            <extension name="hash" />
            <extension name="iconv" />
            <extension name="json" />
            <extension name="libxml" />
            <extension name="mysqlnd" />
            <extension name="pcre" />
            <extension name="readline" />
            <extension name="session" />
            <extension name="standard" />
            <extension name="tokenizer" />
            <extension name="xdebug" />
            <extension name="xml" />
            <extension name="xmlreader" />
            <extension name="xmlwriter" />
            <extension name="zip" />
            <extension name="zlib" />
          </loaded_extensions>
        </phpinfo>
      </interpreter>
    </phpInfoCache>
  </component>
</application>