<application>
  <component name="libraryTable">
    <library name="hammer" type="javaScript">
      <properties>
        <sourceFilesUrls>
          <item url="file://$APPLICATION_CONFIG_DIR$/javascript/extLibs/http_cdnjs.cloudflare.com_ajax_libs_hammer.js_2.0.8_hammer.js" />
        </sourceFilesUrls>
      </properties>
      <CLASSES>
        <root url="file://$APPLICATION_CONFIG_DIR$/javascript/extLibs/http_cdnjs.cloudflare.com_ajax_libs_hammer.js_2.0.8_hammer.js" />
      </CLASSES>
      <SOURCES />
    </library>
  </component>
</application>