<keymap version="1" name="VSCode copy" parent="VSCode">
  <action id="Back">
    <keyboard-shortcut first-keystroke="ctrl alt back_space" />
  </action>
  <action id="CollapseAllRegions">
    <keyboard-shortcut first-keystroke="ctrl k" second-keystroke="ctrl 0" />
    <keyboard-shortcut first-keystroke="ctrl k" second-keystroke="0" />
    <keyboard-shortcut first-keystroke="shift ctrl multiply" second-keystroke="numpad0" />
  </action>
  <action id="CollapseRegionRecursively">
    <keyboard-shortcut first-keystroke="ctrl k" second-keystroke="ctrl open_bracket" />
    <keyboard-shortcut first-keystroke="ctrl k" second-keystroke="open_bracket" />
  </action>
  <action id="CommentByLineComment">
    <keyboard-shortcut first-keystroke="ctrl k" second-keystroke="ctrl c" />
    <keyboard-shortcut first-keystroke="ctrl slash" />
    <keyboard-shortcut first-keystroke="ctrl period" />
  </action>
  <action id="EditorCompleteStatement">
    <keyboard-shortcut first-keystroke="shift ctrl enter" />
  </action>
  <action id="EditorStartNewLineBefore" />
  <action id="EditorToggleCase">
    <keyboard-shortcut first-keystroke="shift ctrl u" />
  </action>
  <action id="EditorToggleUseSoftWraps">
    <keyboard-shortcut first-keystroke="shift ctrl w" />
  </action>
  <action id="ExpandAllRegions">
    <keyboard-shortcut first-keystroke="ctrl k" second-keystroke="ctrl j" />
    <keyboard-shortcut first-keystroke="ctrl k" second-keystroke="j" />
  </action>
  <action id="ExpandRegionRecursively">
    <keyboard-shortcut first-keystroke="ctrl k" second-keystroke="ctrl close_bracket" />
    <keyboard-shortcut first-keystroke="ctrl k" second-keystroke="close_bracket" />
  </action>
  <action id="FileChooser.LightEditGotoOpenedFile">
    <keyboard-shortcut first-keystroke="alt numpad0" />
  </action>
  <action id="Forward" />
  <action id="LocalHistory.ShowHistory">
    <keyboard-shortcut first-keystroke="alt h" />
  </action>
  <action id="LocalHistory.ShowSelectionHistory">
    <keyboard-shortcut first-keystroke="shift alt h" />
  </action>
  <action id="MTBorderIndicators">
    <keyboard-shortcut first-keystroke="alt f8" />
  </action>
  <action id="MoveEditorToOppositeTabGroup">
    <keyboard-shortcut first-keystroke="alt r" />
  </action>
  <action id="MoveTabRight">
    <keyboard-shortcut first-keystroke="alt right" />
  </action>
  <action id="RenameFile">
    <keyboard-shortcut first-keystroke="f2" />
  </action>
  <action id="SaveAll">
    <keyboard-shortcut first-keystroke="alt s" />
  </action>
  <action id="SaveDocument">
    <keyboard-shortcut first-keystroke="ctrl s" />
  </action>
  <action id="SetShortcutAction" />
  <action id="ShowColorPicker">
    <keyboard-shortcut first-keystroke="alt c" second-keystroke="alt p" />
  </action>
  <action id="ShowContent">
    <keyboard-shortcut first-keystroke="shift alt g" />
  </action>
  <action id="ShowIntentionActions">
    <keyboard-shortcut first-keystroke="ctrl period" />
    <keyboard-shortcut first-keystroke="ctrl #100044e" />
  </action>
  <action id="ShowSettings">
    <keyboard-shortcut first-keystroke="ctrl comma" />
    <keyboard-shortcut first-keystroke="ctrl #1000431" />
  </action>
  <action id="SplitVertically" />
  <action id="TabList">
    <keyboard-shortcut first-keystroke="shift h" />
  </action>
  <action id="Terminal.OpenInTerminal">
    <keyboard-shortcut first-keystroke="alt t" />
  </action>
  <action id="ToggleContentUiTypeMode">
    <keyboard-shortcut first-keystroke="alt g" />
  </action>
  <action id="ToggleFullScreen">
    <keyboard-shortcut first-keystroke="alt f" second-keystroke="alt s" />
  </action>
  <action id="hg4idea.QGotoFromPatches" />
</keymap>