<keymap version="1" name="VSCode copy 2" parent="VSCode">
  <action id="ActivateProjectToolWindow">
    <keyboard-shortcut first-keystroke="ctrl b" />
  </action>
  <action id="EditorCompleteStatement">
    <keyboard-shortcut first-keystroke="shift ctrl enter" />
  </action>
  <action id="EditorStartNewLineBefore" />
  <action id="Forward" />
  <action id="MoveTabRight">
    <keyboard-shortcut first-keystroke="alt right" />
  </action>
  <action id="ShowContent">
    <keyboard-shortcut first-keystroke="shift ctrl alt t" />
  </action>
</keymap>