<keymap version="1" name="VSCode copy 1" parent="VSCode">
  <action id="CollapseRegionRecursively">
    <keyboard-shortcut first-keystroke="ctrl k" second-keystroke="ctrl open_bracket" />
    <keyboard-shortcut first-keystroke="shift ctrl subtract" />
  </action>
  <action id="EditorToggleUseSoftWraps">
    <keyboard-shortcut first-keystroke="shift ctrl w" />
  </action>
  <action id="ExpandRegionRecursively">
    <keyboard-shortcut first-keystroke="ctrl k" second-keystroke="ctrl close_bracket" />
    <keyboard-shortcut first-keystroke="shift ctrl add" />
  </action>
  <action id="Forward" />
  <action id="MoveTabRight">
    <keyboard-shortcut first-keystroke="alt right" />
  </action>
  <action id="QuickEvaluateExpression">
    <keyboard-shortcut first-keystroke="ctrl alt f8" />
    <keyboard-shortcut first-keystroke="shift alt e" />
  </action>
  <action id="QuickJavaDoc">
    <keyboard-shortcut first-keystroke="ctrl q" />
    <keyboard-shortcut first-keystroke="ctrl alt q" />
  </action>
  <action id="tasks.show.task.description">
    <keyboard-shortcut first-keystroke="shift ctrl alt d" />
  </action>
</keymap>