<application>
  <component name="XDebuggerSettings">
    <data-views />
    <general>
      <evaluation-dialog-mode>CODE_FRAGMENT</evaluation-dialog-mode>
    </general>
    <debuggers>
      <debugger id="javascript">
        <configuration>
          <custom-object-presentation />
          <stepping-filters>
            <stepping-filter url-pattern="./node_modules" />
            <stepping-filter url-pattern="/node_modules" />
            <stepping-filter url-pattern="node_modules" />
            <stepping-filter url-pattern="webpack:\\.\node_modules\@angular\core\__ivy_ngcc__\fesm2015\core.js" />
            <stepping-filter url-pattern="core.js" />
            <stepping-filter url-pattern="node_modules/**/*.*" />
            <stepping-filter url-pattern="webpack://node_modules" />
          </stepping-filters>
        </configuration>
      </debugger>
    </debuggers>
  </component>
</application>