<application>
  <component name="MaterialThemeConfig">
    <option name="compactDropdowns" value="true" />
    <option name="compactSidebar" value="true" />
    <option name="darkTitleBar" value="true" />
    <option name="isCompactStatusBar" value="true" />
    <option name="isCompactTables" value="true" />
    <option name="isContrastMode" value="true" />
    <option name="isCustomTreeIndentEnabled" value="true" />
    <option name="isHighContrast" value="true" />
    <option name="isWizardShown" value="true" />
    <option name="overrideAccentColor" value="true" />
    <option name="pristineConfig" value="false" />
    <option name="tabFontSizeEnabled" value="true" />
    <option name="useMaterialFont2" value="true" />
    <option name="useHollowFolders" value="false" />
    <option name="indicatorStyle" value="Dot" />
    <option name="customSidebarHeight" value="20" />
    <option name="treeFontSize" value="16" />
    <option name="settingsSelectedTab" value="3" />
    <option name="tabsHeight" value="20" />
    <option name="accentColor" value="ff9800" />
    <option name="selectedTheme" value="CUSTOM" />
    <option name="userId" value="-1a2c9280:170f242010d:-8000" />
    <option name="version" value="4.5.2" />
  </component>
</application>